anio,mes,pais_de_origen_destino,dolares
2015,Junio,Alemania,14419805
2015,Mayo,Alemania,13895406
2018,Junio,Alemania,11936361
2015,Julio,Alemania,11624405
2014,Mayo,Alemania,11333475
2018,Julio,Alemania,11099405
2012,Mayo,Alemania,11028110
2014,Junio,Alemania,10955744
2013,Junio,Alemania,10498151
2008,Mayo,Alemania,9966549
2016,Junio,Alemania,9517250
2013,Mayo,Alemania,9271238
2008,Junio,Alemania,9097412
2011,Mayo,Alemania,8983486
2010,Junio,Alemania,8629599
2013,Julio,Alemania,8502126
2008,Abril,Alemania,8231874
2010,Julio,Alemania,8227895
2014,Abril,Alemania,8103615
2017,Junio,Alemania,8083373
2015,Abril,Alemania,8060944
2009,Junio,Alemania,7627003
2012,Junio,Alemania,7448282
2016,Julio,Alemania,7443435
2011,Junio,Alemania,7360519
2015,Agosto,Alemania,7347327
2012,Abril,Alemania,7245693
2018,Mayo,Alemania,7163269
2011,Abril,Alemania,7064119
2009,Diciembre,Alemania,6913166
2018,Agosto,Alemania,6729646
2009,Mayo,Alemania,6676465
2018,Abril,Alemania,6655776
2014,Julio,Alemania,6654828
2011,Julio,Alemania,6522151
2012,Marzo,Alemania,6468713
2013,Marzo,Alemania,6265509
2017,Julio,Alemania,6109044
2009,Julio,Alemania,5890829
2017,Junio,Estados Unidos,5802598
2018,Septiembre,Alemania,5680958
2007,Junio,Alemania,5630808
2013,Diciembre,Alemania,5606797
2013,Abril,Alemania,5591248
2015,Mayo,Estados Unidos,5432327
2017,Enero,Estados Unidos,5337442
2014,Diciembre,Alemania,5306782
2003,Junio,Alemania,5221378
2004,Mayo,Alemania,5210696
2016,Mayo,Alemania,5198972
2017,Mayo,Estados Unidos,5193086
2012,Julio,Alemania,5141368
2003,Abril,Estados Unidos,5093288
2017,Mayo,Alemania,5033996
2004,Marzo,Alemania,5032693
2002,Octubre,Estados Unidos,4905764
2014,Mayo,Estados Unidos,4882209
2002,Junio,Alemania,4822055
2015,Febrero,Alemania,4818888
2016,Mayo,Estados Unidos,4669116
2006,Mayo,Alemania,4635829
2003,Diciembre,Alemania,4613292
2014,Junio,Estados Unidos,4534924
2011,Diciembre,Alemania,4489043
2016,Agosto,Alemania,4402637
2015,Enero,Alemania,4402226
2010,Agosto,Alemania,4346560
2012,Diciembre,Alemania,4346086
2014,Enero,Alemania,4328647
2017,Febrero,Estados Unidos,4298553
2010,Mayo,Alemania,4268165
2014,Agosto,Alemania,4167343
2016,Noviembre,Estados Unidos,4129109
2010,Enero,Alemania,4119398
2004,Abril,Alemania,4069164
2017,Marzo,Estados Unidos,4064284
2007,Mayo,Alemania,4044187
2014,Mayo,Arabia Saudita,4010232
2015,Junio,Estados Unidos,3953974
2009,Agosto,Alemania,3909279
2002,Julio,Alemania,3903224
2012,Enero,Alemania,3895871
2004,Junio,Alemania,3874666
2018,Febrero,Alemania,3858580
2011,Agosto,Alemania,3837845
2013,Diciembre,Estados Unidos,3824165
2018,Enero,Alemania,3797075
2016,Diciembre,Alemania,3754445
2014,Abril,Arabia Saudita,3739442
2008,Marzo,Alemania,3732196
2014,Junio,Bélgica,3679368
2015,Marzo,Alemania,3663643
2014,Julio,Bélgica,3613185
2013,Junio,Reino Unido,3588393
2015,Diciembre,Alemania,3575205
2014,Febrero,Alemania,3539452
2017,Agosto,Alemania,3536697
2012,Agosto,Estados Unidos,3526753
2007,Noviembre,Alemania,3481650
2015,Mayo,Arabia Saudita,3478172
2013,Febrero,Alemania,3451017
2006,Junio,Alemania,3441213
2014,Marzo,Alemania,3415757
2017,Julio,Reino Unido,3403518
2002,Noviembre,Alemania,3377030
2008,Diciembre,Alemania,3363385
2014,Marzo,Arabia Saudita,3362152
2008,Julio,Alemania,3353438
2007,Julio,Alemania,3326323
2013,Mayo,Estados Unidos,3300261
2018,Junio,Estados Unidos,3294382
2013,Junio,Arabia Saudita,3251264
2015,Septiembre,Alemania,3220119
2003,Noviembre,Alemania,3212355
2009,Abril,Alemania,3194748
2002,Mayo,Estados Unidos,3173724
2003,Julio,Alemania,3146159
2014,Julio,Estados Unidos,3138830
2010,Abril,Alemania,3138214
2007,Diciembre,Alemania,3087212
2013,Julio,Reino Unido,3086950
2012,Febrero,Alemania,3069571
2003,Mayo,Alemania,3068520
2011,Marzo,Alemania,3060444
2007,Abril,Alemania,3043174
2015,Julio,Estados Unidos,3026928
2009,Septiembre,Alemania,3012274
2010,Febrero,Alemania,2997160
2013,Agosto,Alemania,2994727
2013,Noviembre,Estados Unidos,2972184
2009,Enero,Alemania,2958515
2014,Mayo,Bélgica,2947231
2009,Noviembre,Alemania,2938433
2014,Junio,Reino Unido,2938254
2012,Junio,Estados Unidos,2935466
2008,Abril,Reino Unido,2925629
2018,Julio,Reino Unido,2914795
2014,Marzo,Bélgica,2898202
2017,Enero,Alemania,2895979
2006,Julio,Alemania,2868896
2008,Noviembre,Alemania,2859938
2002,Mayo,Alemania,2859483
2002,Abril,Alemania,2823449
2014,Enero,Estados Unidos,2822031
2018,Mayo,Estados Unidos,2799823
2010,Diciembre,Alemania,2797110
2012,Agosto,Alemania,2794509
2003,Abril,Alemania,2788566
2005,Mayo,Alemania,2778801
2011,Septiembre,Alemania,2774726
2007,Marzo,Alemania,2732356
2007,Agosto,Alemania,2716640
2017,Julio,Estados Unidos,2674418
2012,Julio,Reino Unido,2672232
2012,Noviembre,Alemania,2650038
2018,Marzo,Alemania,2646113
2015,Abril,Estados Unidos,2629203
2002,Noviembre,Estados Unidos,2625511
2015,Julio,Arabia Saudita,2623428
2004,Julio,Alemania,2613884
2018,Mayo,Arabia Saudita,2596490
2016,Enero,Alemania,2552413
2009,Mayo,Arabia Saudita,2549437
2015,Abril,Arabia Saudita,2538213
2006,Abril,Alemania,2532427
2003,Mayo,Estados Unidos,2509555
2015,Agosto,Reino Unido,2487670
2017,Diciembre,Alemania,2486214
2005,Junio,Alemania,2477311
2009,Febrero,Alemania,2473892
2013,Abril,Estados Unidos,2468126
2016,Septiembre,Alemania,2465440
2006,Marzo,Alemania,2443222
2017,Marzo,Alemania,2436049
2004,Enero,Alemania,2419293
2010,Julio,Reino Unido,2407070
2014,Diciembre,Estados Unidos,2402513
2016,Junio,Estados Unidos,2402240
2004,Febrero,Alemania,2397083
2010,Junio,Estados Unidos,2387388
2016,Julio,Reino Unido,2381445
2014,Julio,Reino Unido,2359086
2017,Agosto,Reino Unido,2344187
2013,Enero,Alemania,2342371
2009,Marzo,Alemania,2322599
2015,Junio,Reino Unido,2304822
2009,Junio,Reino Unido,2253294
2006,Noviembre,Alemania,2240227
2012,Julio,Estados Unidos,2233766
2010,Mayo,Estados Unidos,2230672
2008,Junio,Suiza,2225311
2018,Mayo,Reino Unido,2210533
2014,Junio,Arabia Saudita,2209986
2010,Noviembre,Alemania,2203949
2010,Marzo,Alemania,2201557
2003,Marzo,Estados Unidos,2198913
2009,Junio,Suiza,2196624
2017,Junio,Suiza,2177387
2010,Septiembre,Alemania,2160822
2003,Marzo,Alemania,2155055
2015,Julio,Reino Unido,2135037
2003,Mayo,Arabia Saudita,2133406
2011,Mayo,Estados Unidos,2133343
2013,Mayo,Reino Unido,2127315
2016,Noviembre,Alemania,2111396
2016,Octubre,Estados Unidos,2069897
2002,Diciembre,Alemania,2063545
2016,Septiembre,Estados Unidos,2058587
2016,Octubre,Alemania,2057290
2011,Febrero,Alemania,2055876
2003,Octubre,Estados Unidos,2052935
2015,Mayo,Reino Unido,2044345
2008,Agosto,Alemania,2038471
2003,Febrero,Alemania,2034923
2007,Junio,Reino Unido,2028576
2017,Abril,Alemania,2024761
2009,Octubre,Alemania,2017926
2015,Julio,Bélgica,1989567
2005,Julio,Alemania,1984196
2013,Noviembre,Alemania,1979703
2018,Abril,Arabia Saudita,1966559
2008,Julio,Reino Unido,1963126
2012,Abril,Suiza,1921128
2003,Enero,Alemania,1910721
2016,Diciembre,Estados Unidos,1903678
2004,Mayo,Reino Unido,1900946
2007,Mayo,Reino Unido,1882951
2006,Agosto,Alemania,1881158
2004,Junio,Estados Unidos,1873695
2015,Junio,Arabia Saudita,1859632
2006,Diciembre,Alemania,1839223
2005,Noviembre,Alemania,1835303
2010,Junio,Suiza,1832058
2012,Mayo,Estados Unidos,1820144
2012,Septiembre,Estados Unidos,1816416
2008,Febrero,Alemania,1813584
2014,Marzo,Estados Unidos,1809030
2018,Agosto,Reino Unido,1808303
2003,Junio,Reino Unido,1782894
2018,Julio,Estados Unidos,1777762
2011,Junio,Suiza,1776741
2014,Noviembre,Estados Unidos,1753889
2018,Abril,Reino Unido,1748188
2008,Mayo,Arabia Saudita,1731184
2011,Julio,Reino Unido,1711058
2013,Septiembre,Estados Unidos,1707700
2002,Julio,Estados Unidos,1702316
2018,Diciembre,Arabia Saudita,1685808
2009,Mayo,Reino Unido,1685778
2011,Junio,Estados Unidos,1684600
2012,Abril,Arabia Saudita,1682345
2016,Julio,Estados Unidos,1682161
2014,Octubre,Estados Unidos,1676566
2004,Junio,Suiza,1650414
2011,Mayo,Arabia Saudita,1632262
2011,Enero,Alemania,1622034
2015,Abril,Suiza,1606995
2015,Mayo,Suiza,1606439
2017,Mayo,Arabia Saudita,1591868
2014,Abril,Estados Unidos,1588476
2004,Junio,Reino Unido,1563371
2011,Marzo,Suiza,1554170
2005,Febrero,Alemania,1549694
2016,Agosto,Estados Unidos,1548808
2012,Diciembre,Estados Unidos,1544336
2017,Abril,Estados Unidos,1544256
2007,Julio,Reino Unido,1542731
2011,Abril,Suiza,1542238
2014,Septiembre,Estados Unidos,1523674
2007,Junio,Suiza,1521466
2014,Abril,Bélgica,1517750
2009,Mayo,Suiza,1512044
2013,Mayo,Arabia Saudita,1500846
2010,Mayo,Suiza,1495052
2003,Junio,Estados Unidos,1492253
2015,Agosto,Bélgica,1480483
2008,Enero,Alemania,1477915
2012,Noviembre,Estados Unidos,1472911
2012,Marzo,Estados Unidos,1463645
2016,Septiembre,Reino Unido,1452904
2016,Junio,Reino Unido,1446170
2002,Junio,Estados Unidos,1442633
2018,Abril,Suiza,1437252
2013,Mayo,Bélgica,1436183
2014,Septiembre,Alemania,1435305
2014,Noviembre,Alemania,1433502
2007,Mayo,Estados Unidos,1429305
2018,Junio,Reino Unido,1423303
2015,Abril,Bélgica,1417279
2004,Julio,Reino Unido,1399424
2011,Junio,Arabia Saudita,1385470
2005,Junio,Suiza,1384232
2010,Julio,Estados Unidos,1380185
2018,Noviembre,Alemania,1378665
2017,Septiembre,Alemania,1368269
2011,Julio,Suiza,1361837
2010,Marzo,Arabia Saudita,1360955
2017,Agosto,Estados Unidos,1353199
2002,Mayo,Reino Unido,1352458
2016,Agosto,Reino Unido,1342163
2011,Abril,Estados Unidos,1340615
2003,Julio,Estados Unidos,1338880
2018,Junio,Arabia Saudita,1338768
2013,Junio,Estados Unidos,1338054
2008,Mayo,Reino Unido,1334252
2016,Junio,Suiza,1332565
2005,Abril,Alemania,1331417
2002,Abril,Reino Unido,1328908
2014,Agosto,Estados Unidos,1322056
2008,Junio,Arabia Saudita,1317659
2018,Octubre,Alemania,1316556
2015,Junio,Suiza,1316041
2013,Febrero,Estados Unidos,1314510
2006,Julio,Reino Unido,1309723
2004,Diciembre,Alemania,1304928
2018,Junio,Suiza,1297536
2015,Enero,Estados Unidos,1295981
2008,Julio,Suiza,1295170
2008,Marzo,Arabia Saudita,1294628
2008,Agosto,Reino Unido,1292102
2005,Junio,Reino Unido,1290814
2016,Febrero,Alemania,1282247
2013,Octubre,Alemania,1277535
2003,Agosto,Alemania,1277233
2018,Marzo,Arabia Saudita,1272804
2011,Agosto,Estados Unidos,1265098
2015,Abril,Reino Unido,1264985
2011,Junio,Reino Unido,1264315
2012,Mayo,Reino Unido,1258872
2016,Abril,Alemania,1253535
2011,Abril,Bélgica,1250814
2016,Abril,Estados Unidos,1247982
2006,Junio,Arabia Saudita,1247932
2006,Mayo,Reino Unido,1246635
2004,Marzo,Reino Unido,1225454
2009,Julio,Bélgica,1220630
2011,Julio,Estados Unidos,1215951
2009,Mayo,Estados Unidos,1205706
2012,Junio,Reino Unido,1197923
2002,Agosto,Alemania,1184423
2018,Febrero,Arabia Saudita,1178464
2004,Noviembre,Estados Unidos,1178329
2003,Febrero,Estados Unidos,1177124
2013,Enero,Estados Unidos,1175527
2006,Junio,Reino Unido,1170177
2010,Junio,Reino Unido,1165283
2010,Mayo,Arabia Saudita,1165206
2010,Julio,Suiza,1160817
2013,Septiembre,Reino Unido,1159765
2013,Abril,Reino Unido,1148095
2014,Febrero,Estados Unidos,1147825
2002,Septiembre,Estados Unidos,1147396
2011,Abril,Reino Unido,1140161
2011,Septiembre,Reino Unido,1135042
2015,Agosto,Estados Unidos,1129924
2014,Marzo,Reino Unido,1125853
2008,Abril,Arabia Saudita,1118686
2014,Mayo,Reino Unido,1114830
2018,Junio,Bélgica,1112824
2010,Agosto,Reino Unido,1106316
2008,Marzo,Reino Unido,1102518
2017,Septiembre,Estados Unidos,1090880
2009,Septiembre,Reino Unido,1090180
2009,Junio,Arabia Saudita,1086791
2017,Febrero,Alemania,1077873
2005,Diciembre,Alemania,1077493
2015,Septiembre,Reino Unido,1076913
2016,Junio,Bélgica,1071378
2002,Diciembre,Estados Unidos,1068108
2018,Marzo,Reino Unido,1062228
2011,Marzo,Arabia Saudita,1059379
2009,Julio,Reino Unido,1057970
2003,Julio,Reino Unido,1054496
2014,Septiembre,Reino Unido,1048795
2010,Abril,Estados Unidos,1042520
2003,Septiembre,Estados Unidos,1041751
2015,Febrero,Estados Unidos,1037089
2008,Octubre,Alemania,1036776
2017,Junio,Arabia Saudita,1032750
2015,Junio,Bélgica,1031138
2017,Octubre,Estados Unidos,1030224
2011,Agosto,Reino Unido,1029332
2008,Septiembre,Alemania,1028822
2016,Agosto,Bélgica,1025973
2012,Abril,Estados Unidos,1024116
2007,Enero,Alemania,1021767
2003,Noviembre,Estados Unidos,1017214
2015,Marzo,Arabia Saudita,1014802
2002,Agosto,Estados Unidos,1014535
2005,Agosto,Alemania,1007070
2017,Julio,Arabia Saudita,1006160
2017,Julio,Bélgica,1005839
2013,Julio,Arabia Saudita,1004076
2013,Agosto,Reino Unido,1001575
2005,Marzo,Alemania,994396
2011,Noviembre,Alemania,988094
2015,Octubre,Alemania,985870
2013,Octubre,Estados Unidos,980380
2010,Abril,Arabia Saudita,976360
2016,Abril,Arabia Saudita,974916
2004,Octubre,Estados Unidos,973881
2005,Enero,Alemania,972036
2010,Agosto,Estados Unidos,965857
2009,Abril,Estados Unidos,962850
2002,Julio,Reino Unido,962558
2010,Abril,Reino Unido,960753
2009,Abril,Suiza,960480
2016,Mayo,Suiza,958742
2016,Octubre,Reino Unido,946379
2007,Febrero,Alemania,944561
2008,Mayo,Estados Unidos,939426
2007,Agosto,Reino Unido,938039
2014,Octubre,Bélgica,931928
2015,Octubre,Reino Unido,926240
2012,Septiembre,Reino Unido,923760
2014,Abril,Reino Unido,920904
2010,Mayo,Reino Unido,919972
2012,Mayo,Bélgica,917342
2002,Junio,Reino Unido,916463
2005,Mayo,Reino Unido,916419
2008,Julio,Arabia Saudita,909964
2006,Mayo,Suiza,907145
2012,Octubre,Estados Unidos,903509
2011,Mayo,Reino Unido,901812
2017,Octubre,Alemania,897179
2017,Noviembre,Alemania,896645
2007,Abril,Suiza,896464
2016,Julio,Suiza,888625
2004,Abril,Arabia Saudita,888087
2014,Agosto,Bélgica,887153
2012,Mayo,Arabia Saudita,886708
2008,Abril,Suiza,882883
2008,Marzo,Suiza,881088
2007,Abril,Arabia Saudita,880787
2006,Octubre,Alemania,876731
2002,Abril,Estados Unidos,872301
2003,Junio,Bélgica,870352
2014,Agosto,Reino Unido,870282
2011,Abril,Arabia Saudita,868503
2015,Febrero,Reino Unido,864648
2014,Diciembre,Bélgica,863963
2013,Septiembre,Alemania,863654
2018,Abril,Estados Unidos,862736
2015,Agosto,Arabia Saudita,854781
2006,Abril,Suiza,849762
2007,Septiembre,Alemania,844468
2014,Julio,Arabia Saudita,843820
2017,Junio,Reino Unido,841800
2017,Septiembre,Reino Unido,841693
2010,Octubre,Alemania,834089
2015,Diciembre,Reino Unido,830352
2015,Marzo,Estados Unidos,824737
2012,Septiembre,Alemania,818041
2015,Agosto,Suiza,816027
2015,Septiembre,Estados Unidos,810319
2015,Marzo,Suiza,807228
2017,Marzo,Reino Unido,807224
2007,Junio,Estados Unidos,805631
2012,Junio,Arabia Saudita,805533
2018,Agosto,Estados Unidos,805398
2018,Mayo,Países Bajos,796427
2011,Febrero,Suiza,794375
2018,Septiembre,Estados Unidos,791154
2006,Mayo,Estados Unidos,788407
2011,Junio,Francia,787500
2010,Junio,Arabia Saudita,783654
2006,Agosto,Reino Unido,781393
2008,Abril,Estados Unidos,777580
2013,Junio,Bélgica,776253
2011,Septiembre,Estados Unidos,776027
2015,Julio,España,771918
2003,Julio,Suiza,771634
2016,Julio,Países Bajos,771049
2013,Diciembre,Bélgica,768297
2008,Junio,Reino Unido,767509
2017,Julio,Suiza,760221
2012,Marzo,Suiza,759835
2015,Mayo,Bélgica,759436
2018,Enero,Estados Unidos,758739
2003,Mayo,Bélgica,758086
2016,Agosto,Países Bajos,751702
2018,Noviembre,Reino Unido,746172
2015,Febrero,Suiza,745319
2012,Febrero,Estados Unidos,737966
2011,Octubre,Reino Unido,737667
2003,Mayo,Suiza,737183
2013,Abril,Arabia Saudita,736559
2003,Abril,Arabia Saudita,735030
2003,Diciembre,Estados Unidos,731257
2004,Agosto,Alemania,731013
2018,Octubre,Reino Unido,730236
2016,Enero,Estados Unidos,728222
2004,Junio,Bélgica,728062
2015,Marzo,Reino Unido,726608
2004,Junio,Arabia Saudita,726311
2006,Septiembre,Estados Unidos,724653
2015,Marzo,Bélgica,724361
2009,Abril,Arabia Saudita,719029
2004,Abril,Reino Unido,716745
2011,Octubre,Alemania,715664
2011,Agosto,Bélgica,715395
2013,Marzo,Reino Unido,715173
2004,Mayo,Estados Unidos,714797
2009,Marzo,Suiza,714180
2014,Febrero,Bélgica,713702
2003,Junio,Arabia Saudita,712221
2009,Julio,Arabia Saudita,710929
2012,Mayo,Suiza,707571
2018,Octubre,Estados Unidos,706885
2015,Julio,Suiza,706795
2003,Marzo,Arabia Saudita,705840
2014,Febrero,Arabia Saudita,705621
2012,Abril,Reino Unido,702311
2018,Septiembre,Reino Unido,699632
2012,Noviembre,Reino Unido,699282
2005,Agosto,Arabia Saudita,698987
2009,Abril,Reino Unido,697646
2004,Marzo,Bélgica,696851
2002,Mayo,Suiza,693817
2006,Julio,Arabia Saudita,690565
2014,Octubre,Alemania,690332
2003,Octubre,Alemania,689902
2004,Marzo,Arabia Saudita,688092
2004,Mayo,Arabia Saudita,686856
2014,Noviembre,Bélgica,682539
2014,Marzo,Suiza,679496
2006,Agosto,Arabia Saudita,675557
2014,Septiembre,Bélgica,675152
2006,Febrero,Alemania,674810
2008,Mayo,Bélgica,671924
2014,Julio,Países Bajos,667319
2016,Febrero,Estados Unidos,666687
2006,Febrero,Arabia Saudita,666438
2010,Mayo,Bélgica,666317
2006,Enero,Alemania,663598
2009,Marzo,Reino Unido,660904
2006,Abril,Arabia Saudita,660555
2006,Mayo,Arabia Saudita,655198
2013,Julio,Bélgica,650370
2008,Junio,Estados Unidos,649725
2016,Septiembre,Bélgica,646811
2014,Junio,Suiza,644795
2015,Noviembre,Alemania,644200
2018,Mayo,Bélgica,644132
2005,Julio,Suiza,642947
2005,Julio,Reino Unido,640802
2012,Junio,Suiza,640311
2010,Junio,Bélgica,638475
2013,Noviembre,Reino Unido,638184
2017,Marzo,Bélgica,638034
2016,Mayo,Arabia Saudita,637199
2015,Febrero,Bélgica,633989
2017,Agosto,Arabia Saudita,633488
2015,Octubre,Estados Unidos,629165
2002,Mayo,Bélgica,627862
2012,Enero,Reino Unido,627122
2015,Abril,Australia,625968
2010,Julio,Arabia Saudita,625641
2010,Marzo,Suiza,624838
2004,Agosto,Reino Unido,622496
2008,Mayo,Suiza,620060
2009,Agosto,Reino Unido,620024
2014,Mayo,Japón,619144
2014,Enero,Arabia Saudita,618848
2004,Febrero,Estados Unidos,616625
2016,Diciembre,Reino Unido,611561
2010,Septiembre,Francia,608475
2016,Marzo,Alemania,608284
2005,Mayo,Suiza,606622
2018,Julio,Arabia Saudita,603742
2009,Octubre,Reino Unido,598334
2017,Septiembre,Suiza,597648
2007,Julio,Arabia Saudita,595553
2018,Julio,Países Bajos,594000
2018,Diciembre,Alemania,590094
2015,Junio,Japón,588723
2017,Junio,Japón,581467
2015,Septiembre,Bélgica,581269
2004,Enero,Estados Unidos,578945
2004,Mayo,Bélgica,570286
2005,Mayo,Estados Unidos,568773
2006,Junio,Suiza,567075
2017,Junio,España,566850
2006,Noviembre,Estados Unidos,566159
2012,Agosto,Reino Unido,566128
2012,Octubre,Alemania,565047
2012,Diciembre,Reino Unido,564342
2002,Abril,Suiza,563515
2014,Junio,Francia,562133
2017,Abril,Arabia Saudita,559146
2006,Marzo,Arabia Saudita,559053
2011,Octubre,Francia,558600
2008,Abril,Bélgica,556165
2013,Agosto,Suiza,554120
2006,Julio,Suiza,553764
2004,Julio,Estados Unidos,551667
2017,Noviembre,Estados Unidos,547746
2007,Mayo,Suiza,547406
2006,Junio,Estados Unidos,546668
2002,Noviembre,Bélgica,544505
2017,Septiembre,Bélgica,543026
2008,Febrero,Arabia Saudita,542447
2011,Julio,Japón,540480
2003,Agosto,Reino Unido,537903
2018,Marzo,Suiza,536678
2007,Abril,Bélgica,536451
2007,Agosto,Estados Unidos,535933
2011,Mayo,Ucrania,534528
2013,Julio,Estados Unidos,533860
2013,Abril,Suiza,523827
2003,Febrero,Arabia Saudita,523819
2006,Septiembre,Alemania,520842
2016,Octubre,Bélgica,517979
2013,Junio,Suiza,517506
2011,Julio,Arabia Saudita,512369
2012,Abril,Bélgica,511545
2018,Agosto,Arabia Saudita,510220
2006,Octubre,Estados Unidos,509914
2015,Enero,Reino Unido,503242
2016,Abril,Bélgica,502496
2017,Julio,Japón,500190
2003,Julio,Arabia Saudita,500160
2003,Enero,Estados Unidos,499580
2007,Julio,Suiza,495984
2010,Septiembre,Estados Unidos,495913
2009,Noviembre,Estados Unidos,495576
2017,Diciembre,Reino Unido,494976
2010,Julio,Francia,494025
2015,Diciembre,Estados Unidos,491820
2015,Septiembre,Arabia Saudita,491767
2018,Junio,Japón,488067
2007,Agosto,Arabia Saudita,485951
2013,Diciembre,Arabia Saudita,483965
2011,Mayo,Suiza,483244
2014,Diciembre,Suiza,482957
2002,Junio,Suiza,479242
2018,Julio,Bélgica,475728
2018,Diciembre,Estados Unidos,474344
2007,Octubre,Alemania,473134
2008,Julio,Bélgica,471813
2009,Enero,Reino Unido,471763
2015,Septiembre,Australia,471744
2015,Mayo,Australia,469287
2004,Abril,Suiza,467554
2013,Abril,Bélgica,465200
2009,Diciembre,Reino Unido,464973
2014,Julio,España,463937
2006,Marzo,Reino Unido,463807
2017,Agosto,Suiza,459045
2005,Septiembre,Arabia Saudita,458639
2008,Febrero,Suiza,455999
2008,Diciembre,Bélgica,454627
2007,Abril,Reino Unido,452686
2009,Junio,Estados Unidos,451930
2007,Marzo,Bélgica,451589
2018,Agosto,Japón,450629
2010,Noviembre,Francia,446818
2007,Septiembre,Estados Unidos,446771
2010,Diciembre,Reino Unido,446359
2006,Agosto,Estados Unidos,444938
2008,Febrero,Reino Unido,444746
2007,Marzo,Reino Unido,442607
2010,Octubre,Estados Unidos,441922
2011,Diciembre,Suiza,438111
2002,Junio,Bélgica,435144
2017,Abril,Bélgica,434789
2017,Octubre,Bélgica,434508
2016,Julio,Bélgica,434260
2008,Junio,Bélgica,431707
2018,Mayo,Japón,428919
2015,Septiembre,España,427430
2017,Julio,España,426880
2003,Abril,Reino Unido,426633
2008,Enero,Reino Unido,425565
2008,Agosto,Estados Unidos,425400
2007,Marzo,Estados Unidos,425001
2015,Mayo,Francia,424858
2018,Septiembre,Bélgica,422931
2018,Diciembre,Reino Unido,422037
2003,Agosto,Estados Unidos,418759
2016,Mayo,Reino Unido,416339
2013,Agosto,Estados Unidos,414004
2010,Julio,Bélgica,413178
2008,Agosto,Arabia Saudita,412236
2009,Febrero,Reino Unido,412005
2015,Agosto,Japón,411531
2016,Diciembre,Bélgica,410400
2008,Septiembre,Reino Unido,409495
2006,Septiembre,Arabia Saudita,409366
2015,Septiembre,Suiza,409247
2015,Enero,Bélgica,407900
2007,Abril,Estados Unidos,406055
2008,Noviembre,Suiza,405600
2004,Junio,Países Bajos,401285
2010,Septiembre,Suiza,400656
2004,Diciembre,Estados Unidos,397302
2005,Junio,Arabia Saudita,396840
2017,Diciembre,Estados Unidos,394917
2017,Enero,Portugal,394200
2017,Septiembre,Arabia Saudita,391996
2002,Octubre,Alemania,389599
2014,Julio,Japón,389490
2011,Enero,Suiza,388893
2010,Abril,Suiza,388360
2015,Julio,Países Bajos,388176
2009,Febrero,Suiza,388119
2010,Abril,Bélgica,386644
2015,Noviembre,Reino Unido,386187
2017,Febrero,Suiza,385202
2012,Mayo,España,385188
2018,Agosto,Países Bajos,380108
2012,Febrero,Suiza,377648
2017,Octubre,Reino Unido,376244
2012,Marzo,España,374879
2012,Junio,Francia,374636
2004,Enero,Reino Unido,373122
2002,Mayo,Arabia Saudita,372289
2013,Marzo,Suiza,369715
2004,Enero,Bélgica,368527
2002,Abril,Bélgica,368397
2003,Agosto,Arabia Saudita,368064
2004,Abril,Estados Unidos,367567
2005,Octubre,Arabia Saudita,366554
2012,Febrero,Arabia Saudita,365998
2018,Agosto,Francia,365730
2006,Diciembre,Estados Unidos,363542
2008,Agosto,Bélgica,363353
2017,Junio,Bélgica,362482
2016,Enero,España,360972
2013,Agosto,Bélgica,356451
2014,Octubre,Suiza,355054
2016,Agosto,Suiza,353107
2013,Febrero,Reino Unido,352846
2016,Noviembre,Reino Unido,352807
2007,Octubre,Estados Unidos,352633
2007,Julio,Estados Unidos,350487
2015,Abril,España,349102
2014,Mayo,Suiza,347901
2011,Marzo,Bélgica,346892
2010,Diciembre,Suiza,346860
2018,Noviembre,Arabia Saudita,344520
2017,Octubre,Arabia Saudita,343667
2005,Abril,Estados Unidos,343304
2010,Enero,Reino Unido,343128
2016,Junio,Japón,342181
2017,Enero,Suiza,341402
2018,Noviembre,Estados Unidos,340467
2010,Marzo,Reino Unido,340207
2006,Diciembre,Bélgica,340018
2008,Noviembre,Bélgica,339913
2018,Mayo,Suiza,339489
2015,Septiembre,Japón,338920
2004,Diciembre,Bélgica,338090
2014,Julio,Suiza,334135
2014,Octubre,Reino Unido,334009
2012,Septiembre,Arabia Saudita,332907
2007,Septiembre,Arabia Saudita,329847
2014,Junio,Japón,328041
2015,Julio,Japón,326998
2005,Noviembre,Bélgica,326850
2018,Agosto,Dinamarca,326430
2010,Febrero,Bélgica,324996
2002,Abril,Arabia Saudita,324735
2004,Septiembre,Reino Unido,324674
2003,Marzo,Reino Unido,324109
2004,Septiembre,Alemania,323623
2018,Marzo,Estados Unidos,322311
2009,Diciembre,Suiza,322226
2005,Mayo,Arabia Saudita,321611
2007,Mayo,Arabia Saudita,321228
2003,Noviembre,Suiza,321149
2017,Octubre,Japón,320209
2014,Noviembre,Reino Unido,320001
2006,Abril,Reino Unido,318760
2016,Marzo,Estados Unidos,318114
2007,Junio,Arabia Saudita,316858
2003,Junio,Suiza,316200
2018,Mayo,Emiratos Árabes Unidos,314703
2015,Julio,Australia,314495
2004,Julio,Arabia Saudita,313796
2008,Septiembre,Bélgica,312105
2007,Marzo,Suiza,310450
2010,Octubre,Suiza,309190
2009,Octubre,Estados Unidos,308102
2013,Noviembre,Suiza,305645
2007,Febrero,Reino Unido,304054
2002,Julio,Suiza,303905
2014,Agosto,Portugal,301860
2009,Junio,Bélgica,301506
2013,Enero,Bélgica,300809
2010,Junio,Francia,300778
2010,Agosto,Japón,300064
2014,Abril,Países Bajos,299929
2015,Agosto,España,299363
2016,Marzo,Arabia Saudita,295973
2004,Diciembre,Reino Unido,295842
2015,Diciembre,Suiza,293585
2013,Octubre,Reino Unido,290786
2012,Junio,España,288000
2016,Agosto,España,285695
2005,Abril,Suiza,285027
2018,Octubre,Suiza,284160
2003,Mayo,Reino Unido,283681
2018,Enero,España,283595
2013,Septiembre,Arabia Saudita,283217
2003,Septiembre,Reino Unido,282543
2018,Abril,Bélgica,281220
2006,Agosto,Suiza,280203
2003,Diciembre,Reino Unido,280078
2004,Mayo,Suiza,280032
2004,Noviembre,Alemania,279742
2007,Enero,Estados Unidos,279535
2014,Noviembre,España,279000
2005,Agosto,Reino Unido,277937
2009,Diciembre,Bélgica,277790
2015,Octubre,Países Bajos,276974
2011,Agosto,Arabia Saudita,276811
2018,Abril,Francia,275640
2009,Agosto,Bélgica,274114
2013,Junio,Francia,273330
2008,Agosto,Japón,272727
2009,Septiembre,Estados Unidos,272303
2008,Marzo,Países Bajos,271320
2018,Noviembre,Bélgica,271320
2010,Diciembre,Estados Unidos,271086
2010,Agosto,Arabia Saudita,270825
2017,Febrero,Reino Unido,268819
2007,Febrero,Suiza,267969
2006,Febrero,Suiza,267339
2017,Octubre,Italia,266700
2006,Junio,Bélgica,266321
2017,Agosto,Bélgica,265575
2008,Diciembre,Reino Unido,265080
2004,Agosto,Arabia Saudita,264477
2016,Abril,Reino Unido,264150
2009,Agosto,España,264004
2018,Febrero,Estados Unidos,263388
2014,Agosto,España,263339
2010,Julio,Ucrania,263088
2015,Marzo,España,262799
2012,Agosto,Francia,262080
2007,Septiembre,Reino Unido,260636
2006,Octubre,Arabia Saudita,260544
2011,Mayo,Japón,260190
2012,Julio,Japón,259929
2016,Noviembre,Países Bajos,259199
2012,Julio,Arabia Saudita,259129
2010,Marzo,Bélgica,258944
2009,Agosto,Portugal,258888
2013,Marzo,Bélgica,258345
2010,Agosto,Ucrania,257223
2005,Abril,Reino Unido,256955
2005,Julio,Bélgica,255678
2018,Julio,Dinamarca,255360
2011,Agosto,Suiza,255268
2010,Enero,Bélgica,254880
2003,Mayo,Japón,254664
2016,Febrero,Reino Unido,251235
2018,Agosto,Bélgica,251078
2014,Mayo,Francia,249323
2015,Octubre,Bélgica,249279
2017,Febrero,Bélgica,248850
2012,Julio,Suiza,247012
2015,Mayo,China,244521
2014,Febrero,Suiza,244012
2011,Junio,Bélgica,243439
2015,Octubre,Suiza,243167
2015,Junio,España,242376
2012,Febrero,Reino Unido,242339
2013,Junio,Japón,240667
2015,Enero,Suiza,240083
2011,Agosto,Francia,239399
2012,Noviembre,Suiza,239396
2016,Agosto,Japón,239004
2014,Diciembre,Reino Unido,237600
2018,Octubre,Polonia,237600
2013,Junio,Austria,237599
2005,Octubre,Alemania,236792
2011,Marzo,Estados Unidos,236706
2012,Julio,Bélgica,235797
2008,Julio,Estados Unidos,234382
2016,Mayo,Bélgica,233326
2013,Marzo,Estados Unidos,233095
2004,Abril,Bélgica,231448
2008,Febrero,Estados Unidos,230229
2017,Marzo,Suiza,229431
2005,Junio,Estados Unidos,229090
2012,Enero,Estados Unidos,228084
2006,Julio,Estados Unidos,227975
2017,Julio,Francia,227010
2006,Mayo,Bélgica,225895
2017,Febrero,España,225768
2005,Junio,Bélgica,224569
2010,Septiembre,Japón,223380
2013,Noviembre,Japón,223200
2005,Agosto,Suiza,222386
2006,Agosto,Bélgica,221888
2003,Julio,Bélgica,220362
2018,Junio,Países Bajos,220128
2013,Julio,Países Bajos,220019
2008,Abril,España,219615
2004,Enero,Suiza,219240
2009,Julio,Estados Unidos,219207
2016,Mayo,China,219159
2016,Febrero,Suiza,218004
2014,Febrero,Reino Unido,217767
2006,Marzo,Suiza,217617
2004,Marzo,Estados Unidos,216858
2002,Junio,Arabia Saudita,216669
2005,Noviembre,Reino Unido,216653
2004,Junio,España,216023
2017,Febrero,Italia,214998
2011,Diciembre,Reino Unido,214778
2006,Octubre,Países Bajos,214654
2018,Enero,Suiza,214232
2010,Diciembre,Japón,214200
2005,Enero,Suiza,214072
2009,Agosto,Japón,214065
2006,Abril,Estados Unidos,213941
2018,Febrero,Reino Unido,213120
2015,Agosto,Portugal,213119
2015,Septiembre,Portugal,213119
2011,Enero,Reino Unido,212544
2017,Septiembre,Italia,208384
2008,Mayo,España,208080
2015,Octubre,Portugal,207750
2009,Enero,Arabia Saudita,206238
2016,Diciembre,Suiza,206234
2017,Mayo,China,205899
2003,Marzo,Bélgica,205568
2012,Octubre,Arabia Saudita,205274
2006,Febrero,Bélgica,204590
2005,Octubre,Reino Unido,204444
2003,Febrero,Suiza,204302
2016,Noviembre,Bélgica,204283
2007,Noviembre,Suiza,201719
2013,Septiembre,Bélgica,201603
2011,Noviembre,Reino Unido,200749
2007,Noviembre,Estados Unidos,200457
2008,Octubre,Reino Unido,200037
2017,Marzo,Arabia Saudita,199800
2009,Abril,Japón,198294
2007,Febrero,Estados Unidos,197622
2007,Junio,Países Bajos,197286
2016,Diciembre,Portugal,197100
2004,Agosto,Estados Unidos,196175
2010,Junio,Ucrania,195490
2018,Octubre,Bélgica,195343
2017,Junio,República Checa,194400
2017,Diciembre,Arabia Saudita,194028
2010,Octubre,Reino Unido,193560
2008,Junio,Japón,192960
2010,Noviembre,Estados Unidos,192950
2005,Octubre,Estados Unidos,192685
2012,Marzo,Bélgica,191924
2012,Abril,Brasil,190836
2015,Julio,Francia,190139
2013,Febrero,Bélgica,189702
2011,Enero,Estados Unidos,189453
2018,Febrero,Suiza,189240
2010,Noviembre,Suiza,189000
2016,Septiembre,Francia,188803
2007,Diciembre,Reino Unido,188726
2010,Febrero,Reino Unido,188663
2013,Enero,Reino Unido,188634
2012,Junio,Austria,187883
2015,Febrero,Austria,186720
2013,Octubre,Japón,186659
2017,Diciembre,Países Bajos,186507
2011,Noviembre,Estados Unidos,186235
2006,Diciembre,Suiza,185926
2007,Octubre,Reino Unido,185305
2016,Diciembre,Japón,185242
2009,Enero,Suiza,184190
2011,Diciembre,Estados Unidos,183780
2012,Agosto,Japón,183600
2007,Julio,Países Bajos,183047
2003,Julio,Islas Vírgenes (Reino Unido),182700
2003,Junio,Japón,182477
2015,Mayo,España,182095
2018,Noviembre,España,181468
2014,Mayo,España,181440
2007,Octubre,Arabia Saudita,180871
2010,Enero,Suiza,180390
2004,Marzo,España,179820
2004,Diciembre,Suiza,179718
2003,Agosto,Islas Vírgenes (Reino Unido),179550
2010,Noviembre,Reino Unido,178780
2018,Enero,Reino Unido,177809
2004,Junio,Japón,177615
2005,Septiembre,Estados Unidos,177611
2016,Septiembre,España,177513
2006,Noviembre,Reino Unido,176590
2014,Enero,Suiza,176319
2006,Enero,Suiza,175938
2002,Septiembre,Alemania,174986
2005,Julio,Arabia Saudita,174549
2006,Marzo,Bélgica,174399
2008,Enero,Suiza,174339
2010,Enero,Estados Unidos,174078
2003,Enero,Arabia Saudita,173848
2007,Marzo,Arabia Saudita,173696
2017,Agosto,Japón,173116
2017,Noviembre,España,172416
2009,Marzo,Estados Unidos,171963
2017,Septiembre,Países Bajos,171828
2017,Octubre,Países Bajos,171828
2009,Febrero,Estados Unidos,169954
2005,Septiembre,Alemania,169920
2016,Agosto,China,168559
2011,Abril,España,167280
2011,Mayo,España,167280
2017,Agosto,Francia,167184
2017,Junio,Países Bajos,166752
2017,Agosto,Países Bajos,166752
2015,Octubre,Arabia Saudita,166440
2003,Marzo,Suiza,166375
2017,Julio,Italia,166320
2016,Julio,España,166034
2016,Marzo,Italia,165689
2017,Septiembre,España,165060
2009,Abril,Bélgica,165050
2011,Octubre,Estados Unidos,164949
2018,Enero,Francia,164816
2012,Septiembre,Japón,164502
2018,Febrero,Francia,164379
2006,Febrero,Reino Unido,164264
2012,Diciembre,Japón,164218
2014,Junio,Australia,164160
2018,Septiembre,Dinamarca,163800
2017,Septiembre,Francia,163761
2002,Noviembre,Suiza,163070
2004,Junio,Italia,162673
2017,Diciembre,Suiza,162667
2005,Marzo,Reino Unido,162359
2009,Agosto,Arabia Saudita,161997
2013,Septiembre,Japón,160799
2003,Agosto,Japón,159900
2002,Agosto,Suiza,159840
2005,Febrero,Estados Unidos,159537
2017,Mayo,Reino Unido,159414
2012,Junio,Japón,159191
2014,Agosto,Japón,159190
2013,Mayo,Austria,158400
2017,Mayo,Suiza,158175
2014,Septiembre,Países Bajos,157762
2011,Abril,Italia,157440
2005,Diciembre,Suiza,157320
2014,Agosto,Arabia Saudita,156529
2015,Marzo,Australia,156302
2011,Mayo,Bélgica,156206
2012,Mayo,China,156110
2018,Octubre,República Checa,155556
2018,Diciembre,Bélgica,155496
2005,Febrero,Reino Unido,155145
2002,Agosto,Reino Unido,154833
2005,Agosto,Estados Unidos,154501
2011,Abril,Japón,154242
2014,Mayo,Venezuela,153546
2004,Febrero,Reino Unido,153300
2006,Agosto,Países Bajos,153300
2005,Enero,Venezuela,152996
2010,Agosto,Suiza,152970
2017,Enero,Italia,152476
2010,Diciembre,Suecia,152150
2007,Julio,Bélgica,152070
2018,Noviembre,Italia,150648
2008,Enero,Bélgica,150520
2008,Octubre,Estados Unidos,149774
2010,Agosto,Italia,149517
2014,Febrero,Venezuela,149418
2015,Agosto,Venezuela,149246
2008,Febrero,Bélgica,148638
2007,Enero,Reino Unido,147574
2004,Enero,Arabia Saudita,147456
2009,Diciembre,Estados Unidos,147018
2005,Marzo,Venezuela,146880
2005,Marzo,Estados Unidos,145465
2010,Febrero,Estados Unidos,145408
2018,Julio,Japón,144958
2012,Febrero,Austria,144431
2018,Noviembre,Japón,144321
2018,Septiembre,Colombia,144000
2008,Noviembre,Reino Unido,143896
2012,Octubre,Suiza,143279
2007,Agosto,Países Bajos,142800
2011,Enero,Japón,142800
2002,Mayo,Italia,142734
2010,Febrero,Arabia Saudita,142680
2015,Noviembre,Portugal,142080
2012,Octubre,Reino Unido,142079
2007,Junio,Japón,142039
2011,Mayo,Polonia,141458
2017,Junio,Panamá,140961
2018,Junio,Italia,140763
2011,Marzo,Reino Unido,140700
2017,Enero,España,140700
2009,Julio,Suiza,140622
2002,Junio,Japón,140400
2018,Abril,Panamá,140400
2018,Mayo,Panamá,140400
2018,Agosto,Panamá,140400
2011,Mayo,China,139766
2015,Noviembre,Estados Unidos,139066
2016,Diciembre,Francia,138850
2015,Octubre,España,138569
2006,Octubre,Reino Unido,137949
2015,Diciembre,Bélgica,137674
2002,Diciembre,Bélgica,137413
2005,Mayo,Bélgica,137273
2018,Febrero,Japón,137174
2013,Junio,España,136958
2003,Enero,Bélgica,136478
2013,Agosto,Arabia Saudita,136239
2005,Agosto,Bélgica,135973
2010,Agosto,Bélgica,135841
2008,Enero,Estados Unidos,135786
2016,Diciembre,China,135450
2013,Agosto,Países Bajos,135000
2005,Marzo,Suiza,134598
2009,Febrero,Francia,133992
2002,Mayo,Países Bajos,133929
2004,Septiembre,Estados Unidos,133252
2018,Julio,España,132390
2014,Enero,Reino Unido,132299
2016,Octubre,Colombia,132000
2008,Mayo,Francia,131940
2004,Agosto,Países Bajos,131760
2005,Enero,Reino Unido,131084
2012,Julio,Francia,131038
2012,Julio,Austria,130980
2007,Agosto,Bélgica,130582
2014,Octubre,España,130018
2016,Marzo,Suiza,129600
2009,Octubre,China,129514
2017,Junio,China,129406
2015,Noviembre,España,128324
2011,Julio,Bélgica,128250
2003,Abril,Japón,128232
2012,Abril,Francia,127125
2016,Mayo,Japón,126983
2010,Octubre,Francia,126220
2017,Enero,Japón,125205
2003,Mayo,Canadá,124950
2003,Octubre,Suiza,124419
2017,Septiembre,Japón,124092
2006,Diciembre,Reino Unido,124002
2008,Junio,China,123600
2005,Mayo,España,123190
2006,Junio,Venezuela,123120
2018,Junio,China,122541
2007,Julio,Italia,122485
2017,Julio,República Checa,121800
2004,Mayo,Italia,121263
2016,Mayo,Países Bajos,121173
2012,Mayo,Países Bajos,121104
2016,Febrero,Arabia Saudita,119699
2017,Mayo,Bélgica,119600
2017,Noviembre,Reino Unido,119263
2012,Marzo,Reino Unido,118552
2003,Mayo,Italia,118396
2017,Junio,Portugal,117660
2006,Febrero,Estados Unidos,116750
2003,Noviembre,Reino Unido,116607
2002,Mayo,Japón,116137
2004,Febrero,Suiza,115345
2007,Julio,Bulgaria,115121
2004,Septiembre,Bélgica,114972
2017,Marzo,Dinamarca,114954
2012,Agosto,Bélgica,114876
2010,Enero,Arabia Saudita,114720
2008,Marzo,España,114667
2006,Marzo,Estados Unidos,114636
2017,Abril,Dinamarca,114222
2007,Enero,Suiza,112752
2004,Marzo,Suiza,112604
2004,Abril,Países Bajos,112104
2003,Noviembre,Bélgica,111797
2009,Enero,Estados Unidos,110718
2018,Octubre,España,110160
2018,Abril,Japón,109080
2006,Noviembre,Arabia Saudita,109032
2004,Marzo,Países Bajos,108469
2003,Diciembre,Suiza,107711
2004,Agosto,Suiza,107488
2004,Septiembre,Japón,106956
2004,Septiembre,Suiza,106614
2010,Noviembre,Portugal,106318
2018,Noviembre,Francia,106303
2006,Septiembre,Reino Unido,106070
2008,Septiembre,Japón,105834
2018,Febrero,España,105355
2003,Febrero,Bélgica,104325
2017,Abril,Reino Unido,103140
2017,Enero,Reino Unido,102375
2015,Diciembre,Países Bajos,101086
2005,Febrero,Arabia Saudita,100224
2005,Agosto,Venezuela,99538
2018,Febrero,Dinamarca,99428
2005,Enero,Estados Unidos,99273
2002,Julio,Bélgica,97915
2008,Septiembre,Estados Unidos,97711
2015,Abril,Japón,97704
2015,Mayo,Japón,97704
2004,Octubre,Reino Unido,97440
2018,Diciembre,Japón,96929
2005,Septiembre,Reino Unido,96251
2005,Diciembre,Estados Unidos,95881
2018,Mayo,Dinamarca,95760
2016,Enero,Japón,94725
2014,Marzo,China,94156
2014,Junio,Países Bajos,93668
2006,Marzo,Venezuela,93480
2013,Mayo,Japón,93330
2002,Julio,Arabia Saudita,93300
2006,Mayo,España,93294
2015,Octubre,Japón,93240
2011,Junio,China,92429
2015,Mayo,Colombia,92399
2002,Septiembre,Reino Unido,92378
2013,Mayo,Suiza,91886
2012,Octubre,Japón,91800
2007,Septiembre,Venezuela,91654
2014,Abril,España,90720
2014,Junio,España,90720
2018,Marzo,España,90720
2007,Diciembre,Venezuela,90270
2002,Julio,Japón,89700
2013,Marzo,Austria,89497
2013,Junio,China,89295
2012,Mayo,Japón,88416
2013,Abril,Austria,88319
2006,Enero,Arabia Saudita,87552
2015,Febrero,España,87514
2015,Marzo,Polonia,87039
2006,Julio,Bélgica,87004
2010,Junio,Japón,86700
2014,Julio,China,86478
2012,Diciembre,Suiza,85896
2015,Junio,Francia,85319
2017,Enero,Países Bajos,85200
2018,Febrero,Bélgica,85128
2006,Octubre,Bélgica,85042
2016,Junio,España,85033
2018,Enero,Bélgica,84977
2018,Abril,España,84957
2015,Febrero,Francia,84730
2017,Octubre,Dinamarca,84672
2013,Septiembre,China,84622
2017,Agosto,España,84546
2017,Diciembre,Bélgica,84509
2016,Agosto,Italia,84470
2018,Agosto,España,84180
2016,Septiembre,Suiza,83529
2014,Septiembre,Japón,83415
2018,Septiembre,Francia,83160
2017,Enero,Francia,82960
2011,Noviembre,Japón,82768
2006,Enero,Estados Unidos,82235
2009,Marzo,China,82114
2006,Mayo,Países Bajos,82094
2011,Mayo,Francia,82080
2011,Julio,Francia,82080
2014,Abril,Francia,81923
2017,Mayo,Canadá,81296
2005,Junio,Italia,80992
2010,Abril,España,80917
2007,Mayo,Bélgica,80430
2016,Julio,Italia,80219
2015,Julio,Italia,80074
2016,Octubre,Suiza,80034
2015,Agosto,Italia,80002
2018,Julio,Suiza,79920
2014,Agosto,Suiza,79822
2017,Julio,Canadá,79714
2007,Junio,Francia,79695
2014,Septiembre,Arabia Saudita,79391
2013,Abril,Venezuela,79344
2005,Septiembre,Bélgica,79338
2009,Junio,Francia,79325
2013,Noviembre,Bélgica,79308
2015,Marzo,Países Bajos,79254
2002,Abril,Japón,79124
2012,Abril,Venezuela,78724
2007,Mayo,Japón,78516
2010,Mayo,España,78246
2013,Octubre,Venezuela,78059
2013,Octubre,Bélgica,77907
2012,Octubre,Francia,77834
2007,Abril,Venezuela,77760
2014,Noviembre,Italia,77711
2011,Junio,Japón,77526
2010,Agosto,Polonia,77280
2015,Abril,Países Bajos,77256
2014,Septiembre,Venezuela,76903
2015,Junio,Venezuela,76903
2017,Octubre,Colombia,76800
2018,Febrero,Colombia,76800
2018,Marzo,Colombia,76800
2011,Julio,Italia,76769
2014,Junio,Italia,76662
2009,Julio,España,76560
2011,Agosto,Japón,76379
2007,Agosto,Suiza,76346
2014,Mayo,China,76125
2014,Junio,China,76124
2013,Marzo,Venezuela,75826
2014,Mayo,Países Bajos,75600
2018,Mayo,España,75600
2015,Junio,Canadá,75599
2018,Febrero,Italia,75563
2016,Enero,Suiza,75155
2011,Agosto,Países Bajos,74999
2005,Febrero,Suiza,74970
2010,Octubre,Italia,74860
2011,Octubre,Venezuela,74661
2013,Julio,Venezuela,74623
2015,Octubre,Venezuela,74623
2013,Noviembre,China,74306
2013,Agosto,Japón,74255
2011,Enero,Austria,74222
2013,Enero,China,74095
2013,Abril,China,74095
2014,Enero,China,74094
2013,Agosto,Italia,74073
2013,Julio,Italia,73989
2014,Abril,Suiza,73950
2012,Julio,Venezuela,73869
2011,Diciembre,Japón,73644
2012,Junio,China,73587
2012,Septiembre,China,73587
2013,Agosto,Francia,73500
2018,Noviembre,República Checa,73339
2002,Julio,Puerto Rico,73303
2008,Marzo,Estados Unidos,73226
2011,Febrero,China,73080
2011,Septiembre,China,73080
2013,Junio,Países Bajos,73080
2013,Julio,Francia,72764
2011,Mayo,Venezuela,72617
2015,Noviembre,Francia,72562
2017,Noviembre,Francia,72445
2013,Febrero,Japón,72338
2009,Febrero,Italia,72308
2014,Marzo,Países Bajos,72149
2006,Junio,Italia,72143
2017,Noviembre,Arabia Saudita,71820
2017,Mayo,España,71218
2011,Marzo,Venezuela,71213
2010,Junio,China,71050
2010,Septiembre,China,71050
2010,Noviembre,China,71050
2013,Febrero,Austria,71035
2017,Enero,Bélgica,71000
2017,Octubre,España,70950
2010,Marzo,Estados Unidos,70757
2005,Abril,Bélgica,70439
2018,Septiembre,Panamá,70200
2018,Noviembre,Panamá,70200
2018,Diciembre,Panamá,70200
2013,Mayo,Francia,69818
2013,Mayo,Países Bajos,69637
2011,Agosto,Polonia,69529
2010,Noviembre,Italia,69138
2015,Noviembre,Suiza,69119
2011,Diciembre,Arabia Saudita,68912
2018,Julio,Colombia,68400
2011,Agosto,Guatemala,67999
2009,Junio,Venezuela,67803
2009,Agosto,Venezuela,67803
2018,Julio,Italia,67725
2009,Septiembre,Venezuela,67502
2009,Diciembre,Venezuela,67502
2010,Febrero,Venezuela,67502
2010,Marzo,Venezuela,67502
2010,Julio,Venezuela,67502
2017,Marzo,Noruega,67500
2014,Octubre,Canadá,67452
2009,Mayo,Bélgica,67392
2016,Noviembre,Suiza,67379
2016,Agosto,Colombia,67200
2018,Noviembre,Colombia,67200
2007,Diciembre,Suiza,66816
2015,Noviembre,China,66457
2007,Diciembre,Estados Unidos,66431
2010,Abril,Japón,66150
2016,Enero,China,66080
2016,Diciembre,Colombia,66000
2017,Febrero,Colombia,66000
2016,Septiembre,Colombia,65999
2018,Diciembre,Italia,65467
2012,Junio,Bélgica,65249
2010,Marzo,Austria,65195
2018,Septiembre,Omán,65100
2008,Diciembre,Venezuela,64800
2012,Mayo,Francia,64800
2009,Junio,China,64757
2009,Agosto,China,64757
2009,Agosto,Estados Unidos,64711
2009,Diciembre,Arabia Saudita,64475
2010,Octubre,Arabia Saudita,64475
2002,Abril,Puerto Rico,64238
2009,Septiembre,Bélgica,63908
2009,Abril,China,63832
2009,Enero,Francia,63691
2008,Mayo,China,63623
2012,Agosto,Austria,63240
2003,Marzo,Países Bajos,63000
2003,Mayo,Países Bajos,63000
2012,Agosto,Suiza,62474
2012,Marzo,Guatemala,62000
2004,Febrero,Bélgica,61950
2009,Febrero,China,61785
2008,Diciembre,China,61781
2017,Abril,Japón,61563
2017,Mayo,Japón,61560
2004,Abril,Italia,61471
2013,Diciembre,Japón,61199
2018,Julio,Emiratos Árabes Unidos,60900
2016,Marzo,Japón,60898
2011,Octubre,China,60684
2016,Noviembre,Japón,60534
2004,Julio,Bélgica,60193
2008,Junio,España,60180
2012,Agosto,Arabia Saudita,60176
2010,Enero,Italia,60099
2017,Febrero,Arabia Saudita,60000
2018,Septiembre,Suiza,60000
2018,Noviembre,Suiza,60000
2008,Octubre,Arabia Saudita,59850
2008,Diciembre,Arabia Saudita,59850
2008,Agosto,España,59295
2003,Noviembre,Filipinas,58963
2003,Junio,Países Bajos,58867
2018,Agosto,Italia,58695
2016,Julio,China,58612
2009,Febrero,Venezuela,58575
2016,Marzo,China,58528
2004,Mayo,Japón,58429
2016,Octubre,Japón,58429
2015,Junio,Colombia,58320
2015,Julio,Colombia,58319
2004,Octubre,Filipinas,58166
2015,Marzo,Colombia,58008
2008,Diciembre,Estados Unidos,57883
2003,Diciembre,Bélgica,57750
2003,Diciembre,Japón,57600
2016,Diciembre,Canadá,57420
2008,Abril,China,57407
2004,Abril,Filipinas,57355
2004,Septiembre,Arabia Saudita,57172
2018,Junio,Francia,57155
2017,Marzo,China,57099
2004,Octubre,Venezuela,56770
2003,Agosto,Italia,56730
2003,Febrero,Austria,56700
2003,Octubre,Reino Unido,56700
2004,Agosto,Venezuela,56600
2016,Noviembre,Panamá,56470
2016,Octubre,Países Bajos,56167
2008,Julio,Italia,56163
2016,Octubre,Panamá,56160
2004,Julio,Suiza,55845
2009,Marzo,Arabia Saudita,55680
2003,Octubre,Bélgica,55098
2009,Noviembre,Bélgica,54979
2017,Septiembre,China,54830
2017,Octubre,China,54830
2016,Septiembre,Japón,54809
2010,Mayo,Polonia,54693
2016,Octubre,España,54600
2015,Octubre,Colombia,54000
2015,Diciembre,Colombia,54000
2015,Septiembre,Colombia,53999
2009,Septiembre,Arabia Saudita,53336
2005,Julio,Estados Unidos,53334
2016,Marzo,Reino Unido,53279
2008,Marzo,Venezuela,53159
2008,Mayo,Venezuela,53159
2007,Noviembre,Bélgica,53028
2011,Febrero,Estados Unidos,53015
2017,Julio,China,52940
2007,Enero,Bélgica,52552
2004,Agosto,Japón,52530
2008,Marzo,Bélgica,52500
2007,Junio,Bélgica,52461
2012,Septiembre,Bélgica,52346
2017,Enero,Panamá,51840
2003,Julio,Filipinas,51811
2007,Noviembre,Reino Unido,51778
2006,Octubre,Italia,51660
2003,Abril,Bélgica,51357
2002,Octubre,Suiza,50995
2007,Julio,Francia,50976
2003,Enero,Suiza,50925
2004,Octubre,Alemania,49980
2007,Octubre,Venezuela,49803
2005,Mayo,Venezuela,49769
2007,Diciembre,Bélgica,49741
2008,Enero,China,49181
2007,Agosto,Italia,48927
2017,Marzo,España,48720
2017,Abril,Francia,48720
2011,Septiembre,Japón,48671
2016,Diciembre,España,48600
2008,Julio,Japón,48591
2004,Diciembre,Venezuela,48565
2006,Enero,Venezuela,48565
2005,Agosto,Japón,48240
2006,Julio,Japón,48240
2016,Agosto,República Checa,47790
2017,Enero,Austria,47520
2017,Marzo,Canadá,47520
2002,Mayo,Venezuela,47359
2007,Julio,Japón,47235
2017,Marzo,Austria,47190
2006,Julio,Venezuela,46740
2006,Agosto,Venezuela,46740
2007,Agosto,Francia,46319
2011,Agosto,Italia,45795
2007,Febrero,Venezuela,45135
2007,Julio,Venezuela,45135
2005,Septiembre,Filipinas,45133
2006,Julio,Italia,45127
2005,Marzo,Filipinas,44895
2009,Marzo,Japón,44681
2005,Febrero,Países Bajos,44417
2005,Noviembre,Suiza,43972
2018,Abril,Canadá,42840
2018,Septiembre,España,42776
2008,Enero,Arabia Saudita,42480
2007,Junio,Irlanda,42180
2004,Octubre,Bélgica,41872
2005,Junio,España,41688
2005,Julio,Marruecos,41310
2010,Septiembre,Bélgica,41244
2002,Septiembre,Filipinas,41123
2006,Abril,Bélgica,40956
2005,Mayo,Italia,40513
2016,Noviembre,China,40500
2005,Agosto,Italia,40146
2002,Agosto,Bélgica,39960
2006,Agosto,Islas Vírgenes (Reino Unido),39960
2007,Septiembre,Bélgica,39618
2005,Marzo,Francia,39506
2012,Diciembre,Venezuela,39506
2002,Junio,Italia,39501
2006,Septiembre,Islas Vírgenes (Reino Unido),39312
2005,Enero,Bélgica,39185
2006,Noviembre,Bélgica,38998
2005,Febrero,Francia,38359
2004,Noviembre,Reino Unido,38310
2007,Junio,España,37540
2012,Noviembre,China,37120
2002,Junio,Puerto Rico,36932
2006,Septiembre,Países Bajos,36720
2010,Octubre,Ucrania,36300
2016,Octubre,Francia,36239
2012,Septiembre,Italia,36027
2002,Agosto,Países Bajos,36000
2018,Septiembre,Japón,35872
2010,Junio,Italia,35640
2009,Septiembre,Italia,35441
2006,Mayo,Islas Vírgenes (EU),34744
2005,Junio,Países Bajos,34452
2003,Junio,Italia,34166
2004,Diciembre,Arabia Saudita,33984
2002,Abril,Italia,33215
2005,Diciembre,Reino Unido,33180
2006,Enero,Reino Unido,33180
2011,Mayo,Países Bajos,33000
2016,Octubre,Sudáfrica,32879
2002,Mayo,España,32663
2002,Junio,Canadá,32538
2002,Mayo,Puerto Rico,32025
2005,Septiembre,Suiza,31649
2017,Agosto,Italia,30991
2002,Abril,Costa Rica,30720
2007,Mayo,Italia,30450
2005,Septiembre,Italia,29252
2004,Agosto,Costa Rica,29202
2008,Agosto,Francia,28800
2005,Enero,Costa Rica,28272
2003,Octubre,Colombia,27473
2018,Junio,Tailandia,26196
2018,Septiembre,Tailandia,26196
2018,Noviembre,Tailandia,26196
2004,Diciembre,Países Bajos,25920
2013,Abril,Brasil,25219
2005,Julio,Italia,20875
2016,Febrero,Japón,20510
2002,Agosto,Panamá,18585
2003,Agosto,Bélgica,17780
2002,Mayo,Panamá,17553
2004,Diciembre,España,17416
2008,Noviembre,Estados Unidos,16469
2004,Abril,Hong Kong,15600
2008,Mayo,República Árabe Siria,15104
2013,Agosto,Hong Kong,14928
2015,Abril,China,14778
2016,Abril,China,14778
2018,Julio,India,13594
2015,Septiembre,Emiratos Árabes Unidos,13167
2014,Agosto,Colombia,13139
2006,Junio,Francia,12500
2007,Mayo,Francia,12500
2006,Julio,Panamá,12000
2014,Noviembre,China,11368
2011,Noviembre,China,11367
2012,Julio,China,11367
2013,Febrero,China,11367
2015,Diciembre,China,11367
2009,Noviembre,Honduras,11333
2005,Febrero,China,10672
2018,Abril,Taiwán,10415
2004,Septiembre,Francia,8640
2005,Mayo,Francia,8640
2015,Noviembre,Japón,8109
2009,Junio,Japón,7922
2003,Mayo,Honduras,7500
2018,Mayo,China,7200
2018,Noviembre,China,7080
2018,Septiembre,Países no Identificados,6863
2018,Septiembre,Emiratos Árabes Unidos,6834
2005,Mayo,Costa Rica,6680
2004,Enero,Hong Kong,6192
2015,Junio,China,5841
2002,Abril,Honduras,5720
2017,Diciembre,Hong Kong,5538
2006,Agosto,Japón,5500
2012,Febrero,Países no Identificados,4730
2016,Septiembre,China,4720
2010,Febrero,Chile,4522
2012,Enero,Países no Identificados,4492
2018,Mayo,Francia,4320
2013,Marzo,Países no Identificados,4261
2012,Abril,Países no Identificados,4185
2012,Mayo,Países no Identificados,4063
2014,Abril,Países no Identificados,4029
2005,Marzo,El Salvador,4000
2005,Junio,El Salvador,4000
2014,Junio,Panamá,3990
2014,Marzo,Colombia,3967
2013,Enero,Países no Identificados,3961
2012,Marzo,Países no Identificados,3947
2017,Marzo,Países no Identificados,3801
2014,Marzo,Países no Identificados,3646
2012,Junio,Países no Identificados,3594
2016,Febrero,Países no Identificados,3491
2014,Septiembre,Países no Identificados,3487
2011,Febrero,Países no Identificados,3482
2014,Abril,China,3481
2014,Enero,Países no Identificados,3465
2015,Enero,Países no Identificados,3443
2008,Mayo,Países no Identificados,3433
2013,Febrero,Países no Identificados,3424
2012,Diciembre,Países no Identificados,3399
2016,Agosto,Países no Identificados,3341
2016,Septiembre,Países no Identificados,3338
2006,Abril,Honduras,3336
2012,Julio,Países no Identificados,3331
2011,Septiembre,Cuba,3310
2015,Mayo,Países no Identificados,3279
2011,Junio,Países no Identificados,3277
2017,Enero,Países no Identificados,3254
2017,Febrero,Países no Identificados,3249
2013,Septiembre,Países no Identificados,3222
2013,Junio,Países no Identificados,3219
2016,Marzo,Países no Identificados,3218
2008,Junio,Países no Identificados,3205
2012,Diciembre,Hong Kong,3181
2017,Abril,Países no Identificados,3174
2012,Marzo,Honduras,3131
2016,Mayo,Países no Identificados,3117
2008,Abril,Colombia,3100
2011,Diciembre,Países no Identificados,3097
2017,Mayo,Chile,3096
2016,Diciembre,Países no Identificados,3085
2011,Mayo,Países no Identificados,3084
2011,Abril,Países no Identificados,3077
2015,Febrero,Países no Identificados,3074
2015,Marzo,Países no Identificados,3062
2008,Junio,Honduras,3034
2016,Abril,Países no Identificados,3030
2011,Julio,Honduras,3008
2012,Agosto,Países no Identificados,3006
2012,Octubre,Italia,3000
2014,Febrero,Hong Kong,2990
2012,Septiembre,Países no Identificados,2958
2016,Junio,Países no Identificados,2934
2013,Agosto,Países no Identificados,2917
2018,Junio,Canadá,2882
2014,Diciembre,Países no Identificados,2855
2013,Enero,Hong Kong,2846
2015,Junio,Países no Identificados,2839
2013,Diciembre,Países no Identificados,2821
2017,Febrero,Hong Kong,2820
2018,Mayo,Hong Kong,2820
2014,Agosto,Países no Identificados,2773
2014,Junio,Países no Identificados,2765
2017,Julio,Países no Identificados,2757
2011,Agosto,Países no Identificados,2726
2018,Enero,Países no Identificados,2714
2015,Abril,Países no Identificados,2710
2017,Mayo,Países no Identificados,2708
2015,Septiembre,Países no Identificados,2677
2013,Noviembre,Países no Identificados,2616
2016,Octubre,Hong Kong,2608
2008,Mayo,Filipinas,2604
2011,Septiembre,Países no Identificados,2584
2007,Marzo,Países no Identificados,2535
2013,Julio,Países no Identificados,2535
2014,Noviembre,Hong Kong,2488
2016,Julio,Países no Identificados,2474
2015,Diciembre,Países no Identificados,2459
2005,Noviembre,Estados Unidos,2453
2016,Agosto,Francia,2430
2008,Enero,Países no Identificados,2429
2016,Enero,Países no Identificados,2397
2010,Abril,Países no Identificados,2344
2011,Julio,Países no Identificados,2337
2013,Febrero,Hong Kong,2307
2015,Agosto,Países no Identificados,2307
2011,Marzo,Países no Identificados,2290
2007,Mayo,Países no Identificados,2274
2006,Diciembre,Honduras,2273
2010,Mayo,Países no Identificados,2247
2010,Agosto,Países no Identificados,2237
2011,Octubre,Países no Identificados,2232
2007,Mayo,Honduras,2220
2003,Agosto,Costa Rica,2205
2010,Marzo,Países no Identificados,2199
2014,Mayo,Países no Identificados,2176
2014,Septiembre,España,2175
2014,Noviembre,Países no Identificados,2155
2014,Mayo,Colombia,2146
2008,Febrero,Países no Identificados,2144
2010,Septiembre,Países no Identificados,2100
2005,Noviembre,Honduras,2087
2007,Diciembre,Países no Identificados,2050
2016,Noviembre,Países no Identificados,2046
2013,Abril,Hong Kong,2031
2014,Marzo,Panamá,2023
2016,Abril,Hong Kong,2020
2018,Octubre,Países no Identificados,2018
2014,Octubre,Países no Identificados,2010
2014,Febrero,Países no Identificados,1992
2008,Julio,Países no Identificados,1980
2007,Junio,Países no Identificados,1977
2016,Mayo,Hong Kong,1973
2007,Septiembre,Países no Identificados,1960
2008,Marzo,Países no Identificados,1946
2008,Abril,Países no Identificados,1945
2013,Octubre,Países no Identificados,1945
2010,Febrero,Países no Identificados,1938
2015,Julio,Países no Identificados,1930
2011,Mayo,Honduras,1915
2010,Junio,Países no Identificados,1900
2017,Noviembre,Países no Identificados,1889
2010,Diciembre,Países no Identificados,1865
2018,Diciembre,Países no Identificados,1854
2007,Julio,Países no Identificados,1842
2011,Noviembre,Países no Identificados,1833
2012,Octubre,Países no Identificados,1829
2011,Enero,Países no Identificados,1825
2014,Julio,Países no Identificados,1807
2009,Julio,Japón,1804
2012,Diciembre,Canadá,1789
2007,Enero,Países no Identificados,1775
2006,Abril,Países no Identificados,1770
2007,Agosto,Países no Identificados,1747
2015,Octubre,Países no Identificados,1700
2015,Diciembre,Hong Kong,1692
2015,Noviembre,Países no Identificados,1687
2010,Julio,Países no Identificados,1681
2007,Octubre,Países no Identificados,1647
2006,Junio,Honduras,1634
2007,Noviembre,Países no Identificados,1590
2015,Agosto,Hong Kong,1580
2014,Enero,Panamá,1573
2018,Noviembre,Países no Identificados,1550
2016,Noviembre,Hong Kong,1544
2006,Agosto,Honduras,1537
2013,Mayo,Países no Identificados,1527
2012,Septiembre,Cuba,1522
2010,Noviembre,Países no Identificados,1514
2004,Marzo,Honduras,1423
2006,Noviembre,Honduras,1419
2005,Julio,El Salvador,1404
2012,Noviembre,Países no Identificados,1389
2007,Diciembre,China,1366
2013,Febrero,Belice,1348
2007,Noviembre,Honduras,1336
2011,Octubre,Cuba,1331
2013,Septiembre,Hong Kong,1324
2017,Abril,República Dominicana,1324
2007,Agosto,Bolivia,1315
2006,Diciembre,Países no Identificados,1279
2016,Octubre,Países no Identificados,1274
2005,Febrero,El Salvador,1248
2008,Mayo,Honduras,1246
2002,Septiembre,Costa Rica,1245
2008,Marzo,Colombia,1240
2013,Abril,Países no Identificados,1191
2007,Abril,Países no Identificados,1142
2006,Octubre,Países no Identificados,1115
2008,Abril,Honduras,1105
2008,Julio,Honduras,1079
2017,Octubre,Chile,1031
2005,Mayo,Países no Identificados,1018
2008,Agosto,Países no Identificados,995
2006,Febrero,Países no Identificados,971
2004,Junio,Países no Identificados,930
2006,Mayo,Países no Identificados,875
2003,Septiembre,Alemania,850
2017,Mayo,Hong Kong,806
2006,Marzo,Países no Identificados,775
2016,Noviembre,Chile,761
2007,Junio,Canadá,740
2006,Septiembre,Países no Identificados,735
2018,Febrero,Panamá,693
2004,Febrero,Países no Identificados,681
2003,Febrero,Francia,677
2007,Octubre,Honduras,665
2017,Agosto,Hong Kong,665
2005,Febrero,Países no Identificados,652
2004,Octubre,Honduras,636
2018,Enero,Chile,619
2006,Noviembre,Países no Identificados,590
2017,Julio,Panamá,588
2006,Abril,Guatemala,587
2017,Marzo,Chile,570
2016,Marzo,Hong Kong,563
2003,Octubre,Países no Identificados,528
2016,Agosto,Chile,518
2005,Octubre,Países no Identificados,494
2005,Octubre,Suiza,486
2018,Abril,Chile,464
2002,Julio,Costa Rica,463
2003,Abril,Cuba,452
2003,Diciembre,Honduras,438
2004,Diciembre,Honduras,438
2003,Diciembre,Países no Identificados,434
2005,Enero,Honduras,416
2010,Enero,Países no Identificados,408
2018,Diciembre,Cuba,402
2017,Marzo,Panamá,392
2002,Septiembre,Países no Identificados,368
2014,Febrero,España,362
2016,Julio,República Dominicana,360
2004,Octubre,Cuba,359
2004,Noviembre,El Salvador,341
2004,Noviembre,Países no Identificados,340
2007,Febrero,Países no Identificados,333
2004,Septiembre,Honduras,329
2008,Febrero,España,323
2002,Abril,Perú,319
2005,Junio,Países no Identificados,312
2004,Abril,Países no Identificados,301
2017,Marzo,Hong Kong,300
2003,Diciembre,Venezuela,296
2009,Julio,Corea del Sur,291
2005,Febrero,Japón,290
2015,Septiembre,Hong Kong,281
2004,Agosto,Honduras,274
2010,Julio,Cuba,274
2010,Agosto,Cuba,270
2018,Octubre,Honduras,258
2013,Marzo,República Checa,253
2010,Febrero,Panamá,240
2012,Noviembre,Guatemala,236
2012,Octubre,Canadá,233
2002,Noviembre,Países no Identificados,225
2011,Noviembre,Angola,220
2005,Abril,Países no Identificados,218
2005,Marzo,Países no Identificados,217
2004,Mayo,Costa Rica,215
2004,Diciembre,Países no Identificados,215
2014,Diciembre,Guatemala,204
2013,Septiembre,Federación Rusa,199
2004,Junio,Perú,184
2010,Julio,Japón,180
2013,Noviembre,Hong Kong,180
2017,Septiembre,Cuba,180
2014,Febrero,Japón,179
2009,Marzo,España,172
2018,Septiembre,Italia,172
2004,Febrero,Honduras,164
2006,Mayo,Cuba,156
2004,Septiembre,Países no Identificados,152
2012,Febrero,Japón,150
2008,Septiembre,Países no Identificados,147
2007,Febrero,Países Bajos,143
2008,Octubre,Francia,142
2014,Julio,Belice,133
2012,Octubre,Belice,113
2012,Mayo,Belice,108
2005,Diciembre,España,98
2014,Octubre,Francia,96
2012,Marzo,Canadá,93
2004,Septiembre,Costa Rica,90
2017,Abril,Singapur,90
2004,Octubre,Países no Identificados,88
2005,Enero,Países no Identificados,86
2009,Marzo,Países no Identificados,85
2013,Marzo,Eslovaquia,84
2008,Junio,Belice,81
2008,Marzo,Belice,78
2006,Febrero,España,73
2004,Marzo,Japón,72
2006,Octubre,Francia,69
2004,Febrero,Japón,57
2009,Febrero,Países no Identificados,52
2007,Abril,China,50
2008,Diciembre,Países no Identificados,47
2008,Noviembre,Países no Identificados,43
2014,Septiembre,Cuba,40
2009,Agosto,Chile,39
2007,Noviembre,Belice,36
2009,Mayo,Países no Identificados,33
2007,Marzo,Canadá,31
2004,Julio,Japón,30
2016,Mayo,Colombia,30
2009,Marzo,Canadá,29
2009,Enero,Países no Identificados,28
2005,Octubre,Costa Rica,25
2008,Octubre,Países no Identificados,25
2011,Febrero,Japón,24
2018,Octubre,China,23
2008,Diciembre,Portugal,21
2013,Mayo,Bolivia,21
2012,Enero,Japón,20
2007,Marzo,Japón,17
2004,Julio,España,16
2009,Septiembre,Países no Identificados,16
2017,Julio,Líbano,16
2007,Agosto,Mauritania,13
2005,Enero,Belice,12
2006,Octubre,Costa Rica,12
2007,Febrero,Costa Rica,12
2006,Enero,Italia,10
2005,Octubre,España,9
2009,Abril,Países no Identificados,8
2009,Julio,Países no Identificados,8
2009,Octubre,Países no Identificados,8
2009,Noviembre,Países no Identificados,8
2009,Diciembre,Países no Identificados,8
2010,Octubre,Países no Identificados,8
2013,Julio,Hong Kong,8
2017,Febrero,Japón,8
2011,Septiembre,Polonia,7
2006,Julio,Costa Rica,5
2007,Septiembre,Japón,5
2014,Julio,Hong Kong,5
2017,Mayo,Venezuela,5
2003,Abril,Bahamas,3
2006,Abril,China,3
2007,Octubre,Japón,3
2008,Diciembre,Cuba,3
2017,Junio,Venezuela,3
2004,Abril,Francia,2
2004,Septiembre,Dinamarca,2
2006,Mayo,Costa Rica,2
2011,Marzo,Cuba,2
2015,Agosto,China,2
2015,Octubre,Cuba,2
2018,Mayo,Venezuela,2
2018,Octubre,Francia,2
2004,Noviembre,Francia,1
2008,Febrero,Japón,1
2009,Julio,Francia,1
2014,Marzo,Canadá,1
2017,Septiembre,Venezuela,1
2018,Enero,Venezuela,1
2018,Julio,Venezuela,1
2005,Febrero,Panamá,0
2008,Marzo,Puerto Rico,0
2010,Enero,España,0
2010,Diciembre,Francia,0
2013,Octubre,Cuba,0
2016,Junio,Panamá,0
2018,Agosto,Hong Kong,0
